{"resourceType":"Patient","id":"example","text":{"status":"generated","div":"<div xmlns=\"http:\/\/www.w3.org\/1999\/xhtml\"><p><b>Generated Narrative Example<\/b><\/p><\/div>"},"identifier":[{"use":"usual","type":{"coding":[{"system":"http:\/\/terminology.hl7.org\/CodeSystem\/v2-0203"}]},"value":"9b8fdfcd-a8e1-4486-ac68-82cd1e190488"}],"name":[{"use":"official","family":"hardcoded","given":["Amado512","Nikolaus26"]}],"telecom":[{"system":"phone","value":"hardcoded","use":"home"},{"system":"phone","value":"hardcoded","use":"work"}],"gender":"male","birthDate":"1974-12-25","deceasedBoolean":true,"address":[{"use":"home","type":"both","text":"711 Jerde Lane","line":["711 Jerde Lane"],"city":"Boston","state":"Massachusetts","postalCode":"02109"}],"maritalStatus":{"coding":[{"system":"http:\/\/terminology.hl7.org\/CodeSystem\/v2-0002","code":"M"}]},"multipleBirthBoolean":false,"contact":[{"relationship":[{"coding":[{"system":"http:\/\/terminology.hl7.org\/CodeSystem\/v2-0131","code":"N","display":"hardcoded"}]}],"name":{"family":"hardcoded","given":["hardcoded","hardcoded"]},"telecom":[{"system":"phone","value":"hardcoded"}],"address":{"use":"home","type":"both","line":["hardcoded"],"city":"hardcoded","state":"hardcoded","postalCode":"12345"},"gender":"male"}],"generalPractitioner":[{"reference":"hardcoded"}]}