{"resourceType":"Patient","id":"example","text":{"status":"generated","div":"<div xmlns=\"http:\/\/www.w3.org\/1999\/xhtml\"><p><b>Generated Narrative Example<\/b><\/p><\/div>"},"identifier":[{"use":"usual","type":{"coding":[{"system":"http:\/\/terminology.hl7.org\/CodeSystem\/v2-0203"}]},"value":"5bb2161d-1383-408b-a96d-344c0bd5f23a"}],"name":[{"use":"official","family":"Pabón228","given":["Elisa944","Ballesteros368"]}],"telecom":[{"system":"phone","value":"hardcoded","use":"home"},{"system":"phone","value":"hardcoded","use":"work"}],"gender":"female","birthDate":"1974-12-25","deceasedBoolean":false,"address":[{"use":"home","type":"both","text":"955 Hettinger Esplanade Apt 98","line":["955 Hettinger Esplanade Apt 98"],"city":"Boston","state":"Massachusetts","postalCode":"02109"}],"maritalStatus":{"coding":[{"system":"http:\/\/terminology.hl7.org\/CodeSystem\/v2-0002","code":"M"}]},"multipleBirthBoolean":false,"contact":[{"relationship":[{"coding":[{"system":"http:\/\/terminology.hl7.org\/CodeSystem\/v2-0131","code":"N","display":"hardcoded"}]}],"name":{"family":"hardcoded","given":["hardcoded","hardcoded"]},"telecom":[{"system":"phone","value":"hardcoded"}],"address":{"use":"home","type":"both","line":["hardcoded"],"city":"hardcoded","state":"hardcoded","postalCode":"12345"},"gender":"male"}],"generalPractitioner":[{"reference":"hardcoded"}]}