{"resourceType":"Patient","id":"example","text":{"status":"generated","div":"<div xmlns=\"http:\/\/www.w3.org\/1999\/xhtml\"><p><b>Generated Narrative Example<\/b><\/p><\/div>"},"identifier":[{"use":"usual","type":{"coding":[{"system":"http:\/\/terminology.hl7.org\/CodeSystem\/v2-0203"}]},"value":"eabfe6f1-0b13-43b2-9b6e-291363b2f856"}],"name":[{"use":"official","family":"Will178","given":["Cortney940","Lowe577"]}],"telecom":[{"system":"phone","value":"hardcoded","use":"home"},{"system":"phone","value":"hardcoded","use":"work"}],"gender":"female","birthDate":"1974-12-25","deceasedBoolean":true,"address":[{"use":"home","type":"both","text":"458 Streich Street","line":["458 Streich Street"],"city":"Lunenburg","state":"Massachusetts","postalCode":"01462"}],"maritalStatus":{"coding":[{"system":"http:\/\/terminology.hl7.org\/CodeSystem\/v2-0002","code":"M"}]},"multipleBirthBoolean":false,"contact":[{"relationship":[{"coding":[{"system":"http:\/\/terminology.hl7.org\/CodeSystem\/v2-0131","code":"N","display":"hardcoded"}]}],"name":{"family":"hardcoded","given":["hardcoded","hardcoded"]},"telecom":[{"system":"phone","value":"hardcoded"}],"address":{"use":"home","type":"both","line":["hardcoded"],"city":"hardcoded","state":"hardcoded","postalCode":"12345"},"gender":"male"}],"generalPractitioner":[{"reference":"hardcoded"}]}