{"resourceType":"Patient","id":"example","text":{"status":"generated","div":"<div xmlns=\"http:\/\/www.w3.org\/1999\/xhtml\"><p><b>Generated Narrative Example<\/b><\/p><\/div>"},"identifier":[{"use":"usual","type":{"coding":[{"system":"http:\/\/terminology.hl7.org\/CodeSystem\/v2-0203"}]},"value":"b87254fa-724d-4a80-8ac7-ca3c528d6e90"}],"name":[{"use":"official","family":"Jacobs452","given":["Adell482","Mosciski958"]}],"telecom":[{"system":"phone","value":"hardcoded","use":"home"},{"system":"phone","value":"hardcoded","use":"work"}],"gender":"female","birthDate":"1974-12-25","deceasedBoolean":false,"address":[{"use":"home","type":"both","text":"426 Harvey Knoll","line":["426 Harvey Knoll"],"city":"Wilmington","state":"Massachusetts"}],"maritalStatus":{"coding":[{"system":"http:\/\/terminology.hl7.org\/CodeSystem\/v2-0002","code":"M"}]},"multipleBirthBoolean":false,"contact":[{"relationship":[{"coding":[{"system":"http:\/\/terminology.hl7.org\/CodeSystem\/v2-0131","code":"N","display":"hardcoded"}]}],"name":{"family":"hardcoded","given":["hardcoded","hardcoded"]},"telecom":[{"system":"phone","value":"hardcoded"}],"address":{"use":"home","type":"both","line":["hardcoded"],"city":"hardcoded","state":"hardcoded","postalCode":"12345"},"gender":"male"}],"generalPractitioner":[{"reference":"hardcoded"}]}