{"resourceType":"Patient","id":"example","text":{"status":"generated","div":"<div xmlns=\"http:\/\/www.w3.org\/1999\/xhtml\"><p><b>Generated Narrative Example<\/b><\/p><\/div>"},"identifier":[{"use":"usual","type":{"coding":[{"system":"http:\/\/terminology.hl7.org\/CodeSystem\/v2-0203"}]},"value":"10a4a009-2d24-4512-8506-f8d8c36255d5"}],"name":[{"use":"official","family":"Schuster709","given":["Antonio44","Jacobi462"]}],"telecom":[{"system":"phone","value":"hardcoded","use":"home"},{"system":"phone","value":"hardcoded","use":"work"}],"gender":"female","birthDate":"1974-12-25","deceasedBoolean":false,"address":[{"use":"home","type":"both","text":"600 Franecki View","line":["600 Franecki View"],"city":"Lynn","state":"Massachusetts"}],"maritalStatus":{"coding":[{"system":"http:\/\/terminology.hl7.org\/CodeSystem\/v2-0002","code":"M"}]},"multipleBirthBoolean":false,"contact":[{"relationship":[{"coding":[{"system":"http:\/\/terminology.hl7.org\/CodeSystem\/v2-0131","code":"N","display":"hardcoded"}]}],"name":{"family":"hardcoded","given":["hardcoded","hardcoded"]},"telecom":[{"system":"phone","value":"hardcoded"}],"address":{"use":"home","type":"both","line":["hardcoded"],"city":"hardcoded","state":"hardcoded","postalCode":"12345"},"gender":"male"}],"generalPractitioner":[{"reference":"hardcoded"}]}